{"metadata":{"asset_id":"d44321ab-0f60-4d58-96ed-cb31fc4f4a6e","asset_attributes":["notebook"],"name":"Week4","asset_type":"notebook","created_at":"2022-07-19T15:08:01Z","description":"","origin_country":"us","owner_id":"IBMid-6660021CN4","project_id":"cbd35bf2-6c55-48f7-bb04-5cf26fddaad8","size":55482,"tags":["notebook"],"usage":{"last_update_time":1658249884145,"last_updated_at":"2022-07-19T16:58:04Z"}},"entity":{"notebook":{"kernel":{"name":"python3","display_name":"Python 3.9","language":"python"},"originates_from":{"type":"blank"},"runtime":{"environment":"conda2rt221-cbd35bf2-6c55-48f7-bb04-5cf26fddaad8"}}},"attachments":[{"id":"91e784fc-738c-41e5-8c64-7109e25949b1","version":2,"asset_type":"notebook","name":"attachment for notebook d44321ab-0f60-4d58-96ed-cb31fc4f4a6e","description":"attachment for notebook d44321ab-0f60-4d58-96ed-cb31fc4f4a6e","mime":"application/json","datasource_type":"193a97c1-4475-4a19-b90c-295c4fdc6517","object_key":"notebook/Week4_4IHQXq0TI.ipynb","creator_id":"IBMid-6660021CN4","create_time":1658243282752,"size":55482,"is_remote":false,"is_managed":false,"is_referenced":true,"is_object_key_read_only":false,"is_user_provided_path_key":true,"transfer_complete":true,"is_partitioned":false,"complete_time_ticks":1658243282752,"user_data":{},"test_doc":0,"handle":{"bucket":"datasciencecapstone-donotdelete-pr-mr8zxqrwrm7fk3","location":"us-geo","key":"notebook/Week4_4IHQXq0TI.ipynb","upload_id":"done","max_part_num":1},"usage":{"access_count":13,"last_accessor_id":"IBMid-6660021CN4","last_access_time":1658249884144,"last_updater_id":"IBMid-6660021CN4","last_update_time":1658249884144}}]}
