{"metadata":{"asset_id":"2bcbd91f-8c56-41c5-9320-a29a9d8f4319","asset_attributes":["notebook"],"name":"Week 1_Capstone","asset_type":"notebook","created_at":"2022-07-18T18:19:56Z","description":"","origin_country":"us","owner_id":"IBMid-6660021CN4","project_id":"cbd35bf2-6c55-48f7-bb04-5cf26fddaad8","size":491062,"tags":["notebook"],"usage":{"last_update_time":1658169423366,"last_updated_at":"2022-07-18T18:37:03Z"}},"entity":{"notebook":{"kernel":{"name":"python3","display_name":"Python 3.9","language":"python"},"originates_from":{"type":"blank"},"runtime":{"environment":"conda2rt221-cbd35bf2-6c55-48f7-bb04-5cf26fddaad8"}}},"attachments":[{"id":"628865e6-4e3c-4e6d-b4fc-c20a4dfd57ba","version":2,"asset_type":"notebook","name":"attachment for notebook 2bcbd91f-8c56-41c5-9320-a29a9d8f4319","description":"attachment for notebook 2bcbd91f-8c56-41c5-9320-a29a9d8f4319","mime":"application/json","datasource_type":"193a97c1-4475-4a19-b90c-295c4fdc6517","object_key":"notebook/Week_1_Capstone_jG0Wa0OEY.ipynb","creator_id":"IBMid-6660021CN4","create_time":1658168397236,"size":491062,"is_remote":false,"is_managed":false,"is_referenced":true,"is_object_key_read_only":false,"is_user_provided_path_key":true,"transfer_complete":true,"is_partitioned":false,"complete_time_ticks":1658168397236,"user_data":{},"test_doc":0,"handle":{"bucket":"datasciencecapstone-donotdelete-pr-mr8zxqrwrm7fk3","location":"us-geo","key":"notebook/Week_1_Capstone_jG0Wa0OEY.ipynb","upload_id":"done","max_part_num":1},"usage":{"access_count":5,"last_accessor_id":"IBMid-6660021CN4","last_access_time":1658169423363,"last_updater_id":"IBMid-6660021CN4","last_update_time":1658169423363}}]}
