{"metadata":{"asset_id":"f2c76326-a86b-4737-9fa9-31c66174bac7","asset_attributes":["notebook"],"name":"Week2_EDA-Mat","asset_type":"notebook","created_at":"2022-07-19T13:54:35Z","description":"","origin_country":"us","owner_id":"IBMid-6660021CN4","project_id":"cbd35bf2-6c55-48f7-bb04-5cf26fddaad8","size":261204,"tags":["notebook"],"usage":{"last_update_time":1658239349053,"last_updated_at":"2022-07-19T14:02:29Z"}},"entity":{"notebook":{"kernel":{"name":"python3","display_name":"Python 3.9","language":"python"},"originates_from":{"type":"blank"},"runtime":{"environment":"conda2rt221-cbd35bf2-6c55-48f7-bb04-5cf26fddaad8"}}},"attachments":[{"id":"eb90a4d1-9de3-4fb7-9b65-c55337758b32","version":2,"asset_type":"notebook","name":"attachment for notebook f2c76326-a86b-4737-9fa9-31c66174bac7","description":"attachment for notebook f2c76326-a86b-4737-9fa9-31c66174bac7","mime":"application/json","datasource_type":"193a97c1-4475-4a19-b90c-295c4fdc6517","object_key":"notebook/Week2_EDA-Mat_7W1w0u5ad.ipynb","creator_id":"IBMid-6660021CN4","create_time":1658238876342,"size":261204,"is_remote":false,"is_managed":false,"is_referenced":true,"is_object_key_read_only":false,"is_user_provided_path_key":true,"transfer_complete":true,"is_partitioned":false,"complete_time_ticks":1658238876342,"user_data":{},"test_doc":0,"handle":{"bucket":"datasciencecapstone-donotdelete-pr-mr8zxqrwrm7fk3","location":"us-geo","key":"notebook/Week2_EDA-Mat_7W1w0u5ad.ipynb","upload_id":"done","max_part_num":1},"usage":{"access_count":3,"last_accessor_id":"IBMid-6660021CN4","last_access_time":1658239349050,"last_updater_id":"IBMid-6660021CN4","last_update_time":1658239349050}}]}
