{"metadata":{"asset_id":"eeb2f80a-c0ab-4d37-ac7e-21c8453c999a","asset_attributes":["notebook"],"name":"Week4_ml","asset_type":"notebook","created_at":"2022-07-19T16:59:52Z","description":"","origin_country":"us","owner_id":"IBMid-6660021CN4","project_id":"cbd35bf2-6c55-48f7-bb04-5cf26fddaad8","size":16453,"tags":["notebook"],"usage":{"last_update_time":1658249993192,"last_updated_at":"2022-07-19T16:59:53Z"}},"entity":{"notebook":{"kernel":"","originates_from":{"type":"blank"},"runtime":{"environment":"conda2rt221-cbd35bf2-6c55-48f7-bb04-5cf26fddaad8"}}},"attachments":[{"id":"49f2ecc8-9d23-4341-957e-288cb4691c7e","version":2,"asset_type":"notebook","name":"attachment for notebook eeb2f80a-c0ab-4d37-ac7e-21c8453c999a","description":"attachment for notebook eeb2f80a-c0ab-4d37-ac7e-21c8453c999a","mime":"application/json","datasource_type":"193a97c1-4475-4a19-b90c-295c4fdc6517","object_key":"notebook/Week4_ml_ieIZ2KgvM.ipynb","creator_id":"IBMid-6660021CN4","create_time":1658249993190,"size":16453,"is_remote":false,"is_managed":false,"is_referenced":true,"is_object_key_read_only":false,"is_user_provided_path_key":true,"transfer_complete":true,"is_partitioned":false,"complete_time_ticks":1658249993190,"user_data":{},"test_doc":0,"handle":{"bucket":"datasciencecapstone-donotdelete-pr-mr8zxqrwrm7fk3","location":"us-geo","key":"notebook/Week4_ml_ieIZ2KgvM.ipynb","upload_id":"done","max_part_num":1},"usage":{"access_count":0,"last_accessor_id":"IBMid-6660021CN4","last_access_time":1658249993190}}]}
