{"metadata":{"asset_id":"df9547fb-4a53-4b49-9485-bad39a74e676","asset_attributes":["notebook"],"name":"Week1_webscraping","asset_type":"notebook","created_at":"2022-07-18T18:38:56Z","description":"","origin_country":"us","owner_id":"IBMid-6660021CN4","project_id":"cbd35bf2-6c55-48f7-bb04-5cf26fddaad8","size":652419,"tags":["notebook"],"usage":{"last_update_time":1658170795060,"last_updated_at":"2022-07-18T18:59:55Z"}},"entity":{"notebook":{"kernel":{"name":"python3","display_name":"Python 3.9","language":"python"},"originates_from":{"type":"blank"},"runtime":{"environment":"conda2rt221-cbd35bf2-6c55-48f7-bb04-5cf26fddaad8"}}},"attachments":[{"id":"a99eaa1a-f2a7-4be6-abff-1f08b7814ebc","version":2,"asset_type":"notebook","name":"attachment for notebook df9547fb-4a53-4b49-9485-bad39a74e676","description":"attachment for notebook df9547fb-4a53-4b49-9485-bad39a74e676","mime":"application/json","datasource_type":"193a97c1-4475-4a19-b90c-295c4fdc6517","object_key":"notebook/Week1_webscraping_6b__6RpXN.ipynb","creator_id":"IBMid-6660021CN4","create_time":1658169537416,"size":652419,"is_remote":false,"is_managed":false,"is_referenced":true,"is_object_key_read_only":false,"is_user_provided_path_key":true,"transfer_complete":true,"is_partitioned":false,"complete_time_ticks":1658169537416,"user_data":{},"test_doc":0,"handle":{"bucket":"datasciencecapstone-donotdelete-pr-mr8zxqrwrm7fk3","location":"us-geo","key":"notebook/Week1_webscraping_6b__6RpXN.ipynb","upload_id":"done","max_part_num":1},"usage":{"access_count":9,"last_accessor_id":"IBMid-6660021CN4","last_access_time":1658170795025,"last_updater_id":"IBMid-6660021CN4","last_update_time":1658170795025}}]}
