{"metadata":{"asset_id":"0bc31e90-2d3c-4fcb-9568-0462bb3d19ec","asset_attributes":["notebook"],"name":"Week1_DataWrangling","asset_type":"notebook","created_at":"2022-07-18T19:00:57Z","description":"","origin_country":"us","owner_id":"IBMid-6660021CN4","project_id":"cbd35bf2-6c55-48f7-bb04-5cf26fddaad8","size":38931,"tags":["notebook"],"usage":{"last_update_time":1658171910802,"last_updated_at":"2022-07-18T19:18:30Z"}},"entity":{"notebook":{"kernel":{"name":"python3","display_name":"Python 3.9","language":"python"},"originates_from":{"type":"blank"},"runtime":{"environment":"conda2rt221-cbd35bf2-6c55-48f7-bb04-5cf26fddaad8"}}},"attachments":[{"id":"d9d3a1e2-47a7-4db9-b259-9e5a5883a5e8","version":2,"asset_type":"notebook","name":"attachment for notebook 0bc31e90-2d3c-4fcb-9568-0462bb3d19ec","description":"attachment for notebook 0bc31e90-2d3c-4fcb-9568-0462bb3d19ec","mime":"application/json","datasource_type":"193a97c1-4475-4a19-b90c-295c4fdc6517","object_key":"notebook/Week1_DataWrangling_dixB6QC4F.ipynb","creator_id":"IBMid-6660021CN4","create_time":1658170858624,"size":38931,"is_remote":false,"is_managed":false,"is_referenced":true,"is_object_key_read_only":false,"is_user_provided_path_key":true,"transfer_complete":true,"is_partitioned":false,"complete_time_ticks":1658170858624,"user_data":{},"test_doc":0,"handle":{"bucket":"datasciencecapstone-donotdelete-pr-mr8zxqrwrm7fk3","location":"us-geo","key":"notebook/Week1_DataWrangling_dixB6QC4F.ipynb","upload_id":"done","max_part_num":1},"usage":{"access_count":4,"last_accessor_id":"IBMid-6660021CN4","last_access_time":1658171713382,"last_updater_id":"IBMid-6660021CN4","last_update_time":1658171713382}}]}
