{"metadata":{"asset_id":"9d8a4406-49a7-4ace-b5fa-3d7020b5a9b3","asset_attributes":["notebook"],"name":"Week3_Analy-Folium","asset_type":"notebook","created_at":"2022-07-19T14:14:30Z","description":"","origin_country":"us","owner_id":"IBMid-6660021CN4","project_id":"cbd35bf2-6c55-48f7-bb04-5cf26fddaad8","size":359707,"tags":["notebook"],"usage":{"last_update_time":1658241529116,"last_updated_at":"2022-07-19T14:38:49Z"}},"entity":{"notebook":{"kernel":{"name":"python3","display_name":"Python 3.9","language":"python"},"originates_from":{"type":"blank"},"runtime":{"environment":"conda2rt221-cbd35bf2-6c55-48f7-bb04-5cf26fddaad8"}}},"attachments":[{"id":"6abb06a2-6f86-4a84-a74e-8f7f1121687f","version":2,"asset_type":"notebook","name":"attachment for notebook 9d8a4406-49a7-4ace-b5fa-3d7020b5a9b3","description":"attachment for notebook 9d8a4406-49a7-4ace-b5fa-3d7020b5a9b3","mime":"application/json","datasource_type":"193a97c1-4475-4a19-b90c-295c4fdc6517","object_key":"notebook/Week3_Analy-Folium_Vjkinexxk.ipynb","creator_id":"IBMid-6660021CN4","create_time":1658240071671,"size":359707,"is_remote":false,"is_managed":false,"is_referenced":true,"is_object_key_read_only":false,"is_user_provided_path_key":true,"transfer_complete":true,"is_partitioned":false,"complete_time_ticks":1658240071671,"user_data":{},"test_doc":0,"handle":{"bucket":"datasciencecapstone-donotdelete-pr-mr8zxqrwrm7fk3","location":"us-geo","key":"notebook/Week3_Analy-Folium_Vjkinexxk.ipynb","upload_id":"done","max_part_num":1},"usage":{"access_count":5,"last_accessor_id":"IBMid-6660021CN4","last_access_time":1658241516832,"last_updater_id":"IBMid-6660021CN4","last_update_time":1658241516832}}]}
