{"metadata":{"asset_id":"44c60289-be2b-48dc-b9b3-fa26e3af89b4","asset_attributes":["notebook"],"name":"Week2_EDA-SQL","asset_type":"notebook","created_at":"2022-07-18T19:20:15Z","description":"","origin_country":"us","owner_id":"IBMid-6660021CN4","project_id":"cbd35bf2-6c55-48f7-bb04-5cf26fddaad8","size":25924,"tags":["notebook"],"usage":{"last_update_time":1658238760526,"last_updated_at":"2022-07-19T13:52:40Z"}},"entity":{"notebook":{"kernel":{"name":"python3","display_name":"Python 3.9","language":"python"},"originates_from":{"type":"blank"},"runtime":{"environment":"conda2rt221-cbd35bf2-6c55-48f7-bb04-5cf26fddaad8"}}},"attachments":[{"id":"827a492c-8a04-48a4-a17c-c4f8fd0a50be","version":2,"asset_type":"notebook","name":"attachment for notebook 44c60289-be2b-48dc-b9b3-fa26e3af89b4","description":"attachment for notebook 44c60289-be2b-48dc-b9b3-fa26e3af89b4","mime":"application/json","datasource_type":"193a97c1-4475-4a19-b90c-295c4fdc6517","object_key":"notebook/Week2_EDA-SQL_C5uRaVTQ3.ipynb","creator_id":"IBMid-6660021CN4","create_time":1658172015826,"size":25924,"is_remote":false,"is_managed":false,"is_referenced":true,"is_object_key_read_only":false,"is_user_provided_path_key":true,"transfer_complete":true,"is_partitioned":false,"complete_time_ticks":1658172015826,"user_data":{},"test_doc":0,"handle":{"bucket":"datasciencecapstone-donotdelete-pr-mr8zxqrwrm7fk3","location":"us-geo","key":"notebook/Week2_EDA-SQL_C5uRaVTQ3.ipynb","upload_id":"done","max_part_num":1},"usage":{"access_count":18,"last_accessor_id":"IBMid-6660021CN4","last_access_time":1658238747891,"last_updater_id":"IBMid-6660021CN4","last_update_time":1658238747891}}]}
